model,susceptibility,s_uncertainty,relative_susceptibility,rs_uncertainty,robustness,r_uncertainty
mistral-7B-Instruct,0.5775657648074437,0.0961171622296131,,,0.1591385655605343,7.54548543317301e-05
llama-3.1-8B-Instruct,1.2233903064040266,0.1825034483410028,,,0.2198742258494599,0.0001468442988306
claude-haiku-4-5,0.7822006862136999,0.1770113973993785,,,0.0317162121118174,7.06741433445194e-05
gpt-4o-mini,0.621354419796876,0.1143686963119627,0.5032195638297299,0.08488127951150412,0.07775381571916544,6.18499828125322e-05
