model,susceptibility,s_uncertainty,robustness,r_uncertainty
gpt-4o-mini,0.6426529821675443,0.1148350730215977,0.0818452124456004,6.976241169312967e-05
mistral-7B-Instruct,0.5775657648074437,0.0961171622296131,0.1591385655605343,7.54548543317301e-05
llama-3.1-8B-Instruct,1.2233903064040266,0.1825034483410028,0.2198742258494599,0.0001468442988306
claude-haiku-4-5,0.7822006862136999,0.17701139739937852,0.03171621211181746,7.06741433445194e-05
