model,susceptibility,s_uncertainty,robustness,r_uncertainty
gpt-4o-mini,0.6426529821675443,0.1148350730215977,0.0818452124456004,6.976241169312967e-05
mistral-7B-Instruct,0.5775657648074437,0.0961171622296131,0.1591385655605343,7.54548543317301e-05
llama-3.1-8B-Instruct,1.2233903064040266,0.18250344834100282,0.2198742258494599,0.00014684429883062437
