model,susceptibility,s_uncertainty,robustness,r_uncertainty
claude-haiku-4-5,0.7822006862136999,0.0559759187591241,31.529616351235084,3.848208132406588
claude-sonnet-4-5,0.7146408109706535,0.0466349154067312,107.70442940666794,13.555654928672794
gpt-4.1-mini,0.7783612728544723,0.0435798295885871,11.310811124313592,0.4383116688308219
gpt-4.1-nano,0.6857002849429181,0.0524379430212989,12.276627536390093,0.5944478864993432
gpt-4o-mini,0.621354419796876,0.0361665573369901,12.861105152856329,0.5603466614447831
grok-4-fast,0.8556181534073526,0.0501092033485877,3.326294982495366,0.0605890474545353
gpt-4.1,0.7704851432087267,0.045586477795381844,14.303921014860448,0.6224543920736672
